{
  "mean": [
    3.0127659574468084,
    1.4819148936170212,
    0.7776595744680851,
    1.9095744680851063,
    0.7754973055293481,
    0.34893617021276596,
    71.53063102478562,
    12.418826428774906,
    0.8073862761497463,
    0.1640192964307214,
    1.202127659574468,
    0.6006582335502073,
    0.2847314508331338,
    7.961702127659574,
    0.23404255319148937
  ],
  "std": [
    1.6624279886853774,
    1.1735981013086216,
    0.8595711765262447,
    1.065570384561482,
    0.3918803889444673,
    0.4766337370875184,
    72.2601086229854,
    11.803467844832701,
    0.7779827252631483,
    0.16842317161847564,
    1.1039560124026928,
    0.19803005080865213,
    0.157905356996235,
    2.8484077815501547,
    0.4233989094070723
  ],
  "loading_matrix": [
    [
      -0.0029851882601487773,
      0.11619801798212147,
      -0.04674309294163327,
      0.023723619491749025,
      -0.11546914430284272,
      -0.22897668866990806
    ],
    [
      -0.03315792556392846,
      -0.10451304485145599,
      0.0690400362061439,
      -0.17917950781281283,
      0.08142712744538667,
      -0.07045282676738034
    ],
    [
      -0.11073843837688592,
      -0.04358144504579985,
      0.13972290454896705,
      -0.018920731478006207,
      0.10458154045767476,
      -0.05463223245149734
    ],
    [
      -0.019272246343651926,
      -0.05863488765964345,
      0.02033176131336574,
      -0.011657219611094373,
      -0.008924748203318964,
      0.18343004717467168
    ],
    [
      -0.08999663275067848,
      -0.012265363480150254,
      -0.09131646702395584,
      0.32585829548453554,
      -0.0529391934463608,
      -0.03285300877616451
    ],
    [
      -0.019196064215360457,
      0.061632359887553174,
      0.4117863598034057,
      -0.023489210686524098,
      -0.06970061308342705,
      0.008877347329033372
    ],
    [
      0.510252388341208,
      -0.0061890545928837415,
      -0.010690249762346074,
      -0.011721606163928137,
      -0.0033908389230597733,
      -0.00576040780543246
    ],
    [
      0.09835337098361659,
      -0.017275310377403326,
      -0.04340757843135029,
      0.04326063572515944,
      0.019644002399917093,
      0.10058629503106022
    ],
    [
      0.06862172209514802,
      -0.008593591782898993,
      -0.14018133632378352,
      -0.09579723742378263,
      -0.12533515920593624,
      0.047780295940540056
    ],
    [
      0.06574663331506232,
      -0.061649098773836127,
      0.15520148234794182,
      0.2526514589008799,
      0.061186545246559226,
      -0.03951709037281925
    ],
    [
      -0.06322640224774316,
      0.1262495996490701,
      -0.017031869417512453,
      0.033775859569924,
      -0.06946741465703782,
      -0.008911273713054805
    ],
    [
      -0.06756842496966763,
      -0.07597536543993744,
      -0.029849289074599203,
      -0.16392413382704288,
      0.027225962727455727,
      0.22093065165138082
    ],
    [
      -0.007910422951354454,
      0.44442545298028036,
      0.046269820965375616,
      -0.008795712452531721,
      0.03575797418245605,
      -0.029317679617614757
    ],
    [
      -0.015243693418272492,
      0.06573678827848242,
      -0.09700843177249886,
      0.05453359589657771,
      0.017479064089517153,
      -0.09618092399622583
    ],
    [
      0.004625572159696396,
      -0.05662253152478151,
      0.08456964863969335,
      0.02398988546052916,
      -0.37939623929876254,
      -0.027060515335688616
    ]
  ],
  "feature_names": [
    "trackinglink_count",
    "DA_count",
    "SA_count",
    "unique_channel_count",
    "channel_entropy",
    "last_touch_is_da",
    "latency",
    "recency",
    "recent_touch_pressure",
    "touch_per_latency_hour",
    "last1h_touch_count",
    "recent_24h_ratio",
    "click_ratio",
    "impression_count",
    "is_single_touch_install"
  ],
  "factor_names": [
    "ad_intensity",
    "display_ad",
    "passive_exposure",
    "channel_diversity",
    "time_concentration",
    "recency"
  ]
}