{"mean": [3.84375, 1.92875, 0.97875, 2.025, 0.7518602615905303, 0.3775, 63.50315761599667, 9.173892093456452, 0.9591416147252815, 0.18777966764196244, 1.44375, 0.5719554335882937, 0.2728533358757317, 9.43, 0.17625], "std": [2.124848150357478, 1.5391994205008288, 1.0245049783008398, 1.3589272806860346, 0.4260849694036891, 0.4850647996142175, 69.8347264430753, 9.934427407222275, 1.0804282742059992, 0.1984106050079824, 1.2465063819332216, 0.23468816593037234, 0.16949964477487187, 3.6897992184997075, 0.38127109391982966], "loading_matrix": [[-0.2558758959027325, 0.2076848410122521, 1.7659742535763376, -0.9129471550105812], [0.12933968254570724, 1.3144519387745772, -0.5485769053487366, 0.9421018220226284], [0.8382412160432546, 0.05664807512853156, 1.615720859074254, 0.8870496078165258], [-1.889640892855576, 1.807391173525662, -0.26585712768383213, 0.0071772585319801845], [0.19693791065051294, 2.6227331036264814, -0.8025308523139854, -1.091549442964981], [0.5433610566763376, 1.6145206610366252, 0.1361842963085857, 0.558544841938373], [0.4551851963790102, -0.6400831416351164, -1.623165802178638, -0.37229611962832826], [3.0672458220784318, -1.0316640222935682, -1.1297755585981932, 0.5033176277639119], [0.8742259644916441, 1.3035386719754625, 0.17709276062990034, 0.26604640915389544], [0.31125678843176824, -1.9214889073259738, -0.24182245713769454, 0.5014644019101889], [1.1191856733761099, 0.2604518320830333, 1.1492711840162975, 0.8085940878682418], [-1.7049649075691977, -0.8109934670679665, -1.7006048272591285, 0.25113850130931964], [-1.5601105502298291, 0.33230384949124875, 0.8415827203261573, -0.3309231367388181], [0.9030797498889356, 3.224210632617299, 1.107470325337894, 0.32788306530671296], [-0.47324102628886144, 0.7092942202402033, 0.9174411726934809, 0.8984721170141168]], "factor_names": ["intensity", "diversity", "recency_pressure", "click_propensity"]}