{"tiers": [{"name": "high", "threshold": 15562.642589000852}, {"name": "medium", "threshold": 5584.019689318049}, {"name": "low", "threshold": 0.0}], "tier_avg_ltv": {"high": 86877, "medium": 5855, "low": 41}, "score_percentiles": [977.1518874832082, 1029.9189833216283, 1077.635329377971, 1115.122631683743, 1132.6458404995194, 1139.934930682798, 1144.287280200178, 1156.5026851072905, 1185.3110269272386, 1195.9549691149764, 1196.936008173559, 1220.9636381903235, 1243.11966644265, 1260.328642601891, 1279.5030187066861, 1299.7619289783286, 1305.1681292366575, 1319.857454058545, 1356.5166149876652, 1390.5171308677216, 1422.9964272708855, 1428.7875211117137, 1434.7979742339612, 1443.507632345966, 1452.4046909446288, 1461.4128939808575, 1502.3110621757262, 1539.1208238650972, 1562.443025975711, 1576.0758869228039, 1583.7541123300514, 1603.739825487961, 1620.8778549396236, 1629.045479743905, 1649.9750329482567, 1679.0289831941834, 1686.6651240542506, 1692.4373078798455, 1696.7788830014347, 1719.5803946360866, 1754.552169124225, 1770.0989748885086, 1783.535918293896, 1794.9635694440822, 1800.8621797297535, 1802.9867536949835, 1806.7690968720688, 1817.3012290632646, 1847.1166891688624, 1869.1574951827179, 1885.7050983055422, 1903.7394232889415, 1918.8295882313685, 1924.535409896822, 1939.7588158447115, 1961.941611455769, 1968.0152543790257, 1971.4514269015165, 1971.6707659695958, 1972.3342106594807, 1973.3336648814065, 1977.2119773999966, 1981.5828605460629, 1986.5286709118725, 2007.307091859132, 2040.4783002555628, 2048.0676125497357, 2052.5686097122184, 2057.159254340372, 2064.5415920927126, 2074.1842735226423, 2076.5820409271955, 2080.2943963025473, 2092.371683146956, 2105.3096706162105, 2118.968428854123, 2128.0034583263246, 2141.6008494111293, 2175.4152950450234, 2192.8102303928554, 2195.985153717246, 2197.044736723516, 2199.0121465982706, 2206.0092303416563, 2214.578900955464, 2224.5569325956317, 2232.553404571795, 2240.1242435431604, 2247.273840177646, 2254.8335571605767, 2262.773064048177, 2264.278680226858, 2264.5847830827042, 2264.60951470042, 2270.597632110377, 2282.2957888573496, 2284.2240966035542, 2284.3423637904857, 2284.6123127802143, 2285.8380690793747, 2288.0101063692678, 2289.1817625388708, 2290.854862774487, 2296.116356310701, 2299.513591644962, 2301.002481590061, 2304.6920003435025, 2308.9238098969954, 2313.5612127846243, 2322.535322407007, 2336.0994858929785, 2339.146196966283, 2340.7525679930513, 2347.7334340381212, 2357.490853614143, 2370.2869489076043, 2376.3554205143696, 2380.248156802434, 2380.5523326039656, 2381.0881794106795, 2381.886201945677, 2385.1793445595763, 2389.9418440863324, 2400.3436652362025, 2412.595980375429, 2427.013909857273, 2440.708484409786, 2456.26898521504, 2486.648883270224, 2503.5785989479878, 2504.2291270988367, 2507.81503212592, 2513.9701714091025, 2533.83440589291, 2548.5293821537007, 2556.753068984925, 2585.1005741991194, 2615.985436265402, 2618.6440839211205, 2625.756106975827, 2638.635336485928, 2642.5168104634977, 2644.3059145897614, 2652.177011613902, 2657.4308236198226, 2659.1778826521127, 2669.581467389129, 2681.8260392100838, 2684.554116237251, 2693.892490955625, 2712.3957405606134, 2724.9812070983494, 2735.0015464315693, 2738.270533929163, 2744.4444371753975, 2754.7867764349267, 2761.1777378517577, 2765.86999194962, 2766.4338183758828, 2769.441476205592, 2776.0793898130355, 2780.8157232364474, 2784.763044148296, 2787.293785812051, 2789.8949502937385, 2792.6044346182643, 2798.2548730463222, 2804.6865990393057, 2805.341401339357, 2808.7509270413475, 2816.548929851188, 2821.4619582515165, 2825.232648919232, 2829.0215344993885, 2831.741127316392, 2832.6959139358023, 2838.298817130565, 2845.5592753219726, 2846.2861568834596, 2847.3414842106326, 2848.958587553323, 2853.068859612433, 2858.2009754090172, 2861.74479012418, 2869.4676001456137, 2884.600387955481, 2892.199592067522, 2896.432069647829, 2900.652374276872, 2906.1798524241512, 2914.1110430125477, 2925.152283746794, 2937.6332913137007, 2949.744943179541, 2959.4281815317527, 2964.4785727438825, 2972.18024012689, 2981.2217671936155, 3002.2149918714927, 3017.1682645546957, 3020.161831298196, 3024.735567016483, 3030.101367383787, 3035.5711910126315, 3041.9526933775787, 3050.208002326884, 3055.4592368261024, 3059.1474376647425, 3063.6775493600003, 3068.7203008890738, 3074.8368503300417, 3081.0886063797616, 3087.4133531437164, 3087.9653318520304, 3089.23369836566, 3092.3547919818716, 3094.284749337554, 3095.5477944640334, 3106.837372526256, 3115.8097647463583, 3118.7545113363317, 3124.820854209086, 3132.699205478178, 3135.0302647808953, 3137.6812575578083, 3141.6095228849376, 3144.624110599323, 3147.0890259531016, 3168.3039981308675, 3186.294138499875, 3193.997544309207, 3200.8259425115984, 3207.1089430186075, 3213.546531289526, 3219.349720334859, 3223.4753636806804, 3226.98376583288, 3230.0936743573297, 3257.159957686163, 3279.3761195672773, 3284.106775986925, 3292.3683357947693, 3302.9903881183986, 3305.445731048649, 3310.190786023995, 3323.186756294333, 3335.2286697884106, 3346.610289750895, 3364.0055676706907, 3377.5747955654488, 3378.273421087848, 3380.383137659976, 3383.5036644396464, 3405.9167719569623, 3426.2034792517875, 3434.2020035636265, 3438.278671621313, 3439.44814972316, 3441.1117982143196, 3442.8459490699365, 3444.6402974179, 3446.1179577645057, 3447.3527305584485, 3457.659872486731, 3467.591435033332, 3472.678380075043, 3479.807002687317, 3488.555519180426, 3495.738691789861, 3505.366907517627, 3524.434369905641, 3535.3921865406205, 3539.6946707946927, 3549.1975281503583, 3557.933109883547, 3561.1212161184344, 3567.6081413383913, 3576.8949900796265, 3586.057108966469, 3594.0186624586227, 3597.3101695937817, 3602.1179447460745, 3608.2566134557255, 3609.3627732737555, 3609.747735692108, 3610.453291442194, 3612.4193564665243, 3615.5295143034646, 3622.6120517278378, 3629.8824110875375, 3635.0109681124422, 3639.828382365938, 3644.3537856041953, 3652.0279277034865, 3661.3561547606414, 3675.72003344076, 3683.021436538352, 3683.469450501584, 3692.048495526269, 3700.6901376060796, 3701.8936397099214, 3704.8908828357567, 3709.687866117438, 3717.449121101924, 3724.532566769943, 3724.8770127561825, 3729.4266083483085, 3738.338689075795, 3744.965454720508, 3750.5486520562076, 3753.080730338871, 3763.5855391318823, 3782.6424117941274, 3801.292180399228, 3818.301881727596, 3826.0868784786594, 3831.500384854046, 3834.2835409888044, 3836.031787563664, 3837.7316515793414, 3840.7286255007807, 3844.0118474436626, 3847.623382529418, 3853.1084852947542, 3858.598120636524, 3860.821339973999, 3869.907216170246, 3887.1331050639433, 3900.3556796398393, 3914.8759389249226, 3947.0570372342404, 3965.7540003750732, 3967.9090876586615, 3980.27303786881, 3995.5627707692734, 4011.177100878488, 4027.1807648334525, 4043.678469842684, 4051.369973160839, 4056.1124256073476, 4057.876580324446, 4059.790728122239, 4061.9017780336867, 4072.2828432037354, 4084.3184389122275, 4087.480387040065, 4103.79253024753, 4137.966158897792, 4154.326527992851, 4164.839208208278, 4174.766941000497, 4193.353526487775, 4224.11119006047, 4234.847425525214, 4238.850107130642, 4243.74994120197, 4249.832430099035, 4257.635584828626, 4264.305616958608, 4270.382862681549, 4273.8702105, 4281.66407742454, 4295.944751370805, 4310.9196338774655, 4325.314342470751, 4326.611113481988, 4328.424285263811, 4331.042953974111, 4358.15070621447, 4393.169631704729, 4399.684639934009, 4405.055262291502, 4408.576876908554, 4425.329725146901, 4446.6169179569815, 4450.376202275865, 4453.727465450917, 4456.395657514644, 4458.778299626752, 4461.330376871099, 4471.842442048782, 4479.116247443695, 4480.771154585402, 4487.895898600406, 4497.454718612719, 4508.7173963144005, 4516.625296584524, 4518.497732783854, 4520.779556751518, 4523.225115743572, 4524.490434359109, 4528.577082425995, 4537.928412244207, 4541.929431204736, 4543.4269247455995, 4546.945970067952, 4551.436791882248, 4557.809239747121, 4560.327399370358, 