{"mean": [2.926, 1.928, 0.994, 1.956, 0.7674570086708815, 0.328, 68.50947475982504, 9.967932918343926, 0.7524955322509866, 0.14537093580488483, 1.134, 0.5721848821024341, 0.27442005794326657, 7.49, 0.22], "std": [1.8008359225759798, 1.4816228983198292, 1.0099524780978717, 1.2186197389408528, 0.43671188332659255, 0.4699550142629204, 75.83719360295089, 10.266683703883283, 0.8354686368247092, 0.16618200406560546, 1.1200683489021663, 0.24078443921113432, 0.16219267432283482, 3.2795443009118332, 0.4146611722545904], "loading_matrix": [[-1.2629998929650568, 0.19984415597084784, -0.5852686402019953, -0.8053958136426509], [-0.023328823829815926, 0.6627994519809767, -0.0672235781870578, -0.06344820738513847], [-0.6713494637828095, 0.3622190049489571, -1.5892865802888556, 0.4771577128053329], [1.5039203998305477, -1.381913999409539, -1.836052543194276, 1.8080254285852972], [1.3776817826381864, -1.3964544707238196, 0.8920523384318907, -0.5426027753508205], [-1.7190612263739498, -0.37026077359485104, -2.4854617928789704, -1.724624715239853], [-0.8081631589043029, 1.4004210844433285, 0.8053653563980098, 0.19538060252607115], [0.047074300132629934, -0.3721364915975106, 0.14633970669792218, 0.7184455013809232], [2.188906239072237, 0.5005054701311618, -0.6198929639942014, 0.7870783268419619], [-1.40887154702157, 0.1154428433269935, -0.530463622815525, -0.80529209125749], [-0.02179164335279957, 0.6015756081646325, 0.7160370060669692, 1.733615061312048], [0.45154929644630615, 1.6361132605923872, -1.1794733254539433, 0.23545990934046365], [2.0995655983772044, 0.04545147164340439, -0.014124348245061565, -0.18888774824841148], [0.759567221976369, -0.16692710084471932, 0.3056543051216272, 0.10280574161782895], [-0.5066937249688879, 0.029102660675537476, 0.5423886690301165, 0.8476223434381727]], "factor_names": ["intensity", "diversity", "recency_pressure", "click_propensity"]}