{"tiers": [{"name": "high", "threshold": 24830.638989158426}, {"name": "medium", "threshold": 9220.473060422035}, {"name": "low", "threshold": 0.0}], "tier_avg_ltv": {"high": 136673, "medium": 6564, "low": 249}, "score_percentiles": [1498.5005368759025, 1521.8451536845648, 1545.1897704932271, 1611.065564337649, 1720.5520067162, 1830.0384490947508, 1832.2698495234365, 1833.1401453588498, 1852.1527024238765, 1890.7248848770794, 1929.2970673302823, 1963.7939646254595, 1998.1860988060344, 2037.085387635193, 2081.094391894832, 2125.103396154471, 2179.9489327613055, 2235.217771412952, 2290.1441571288556, 2344.6622335752186, 2399.1803100215816, 2409.641253654032, 2417.7772826261175, 2426.147355444655, 2434.810974782472, 2443.474594120288, 2502.880759955362, 2565.678807240787, 2619.0383014300246, 2659.941100544642, 2700.8438996592586, 2705.9814486994997, 2708.2112538312545, 2715.365280662292, 2729.3601424288595, 2743.3550041954272, 2758.565266470107, 2773.892394178259, 2783.9477004242144, 2786.2905271236227, 2788.6333538230315, 2797.6341427757256, 2807.3767659627692, 2816.071922977078, 2823.1525142983805, 2830.2331056196826, 2831.287726729446, 2831.5763346767253, 2834.4789285654506, 2841.6292496090255, 2848.7795706526, 2850.340739867928, 2851.1011709989803, 2854.5751713046952, 2862.701004481261, 2870.826837657826, 2874.2017603896793, 2876.8170898818257, 2907.0150118833512, 2987.1335414546666, 3067.2520710259814, 3082.9256160888713, 3087.192969203366, 3097.718689328599, 3120.2129653429793, 3142.7072413573596, 3148.174012924048, 3150.3270485952276, 3153.52109854256, 3158.820836457565, 3164.1205743725695, 3197.8727842734697, 3237.678711618177, 3264.9563256238284, 3265.401646493865, 3265.846967363901, 3274.7208916100003, 3285.5458814524104, 3305.0199634569317, 3344.1317383213263, 3383.2435131857214, 3402.638144037337, 3417.088036578537, 3429.1533334876663, 3435.4711434887263, 3441.788953489786, 3454.0740271296945, 3467.974442837444, 3478.571389675534, 3480.703197535123, 3482.835005394711, 3485.6825881110267, 3488.738648940952, 3502.9885070365567, 3547.785924025416, 3592.5833410142764, 3604.4186071593253, 3605.953201165684, 3607.6110677725055, 3609.6278751865602, 3611.644682600615, 3620.075245749724, 3630.6508777065437, 3641.9163718367895, 3655.3296842801747, 3668.7429967235603, 3697.683934878469, 3732.170453644635, 3762.311280598095, 3777.9507229156757, 3793.5901652332564, 3833.342605731917, 3882.273004015763, 3922.514635614148, 3931.5965522026117, 3940.678468791075, 3962.1859951063116, 3988.7250183179517, 4010.295876425358, 4012.660535288344, 4015.0251941513297, 4034.1733698601624, 4060.54026249194, 4084.952460059596, 4101.190478268198, 4117.428496476799, 4124.748051814815, 4127.998965332308, 4131.369186353954, 4135.281262290293, 4139.193338226632, 4176.065633069061, 4228.866658237853, 4273.183415284693, 4275.45872432425, 4277.734033363807, 4298.441702687129, 4328.575010791921, 4354.750605875278, 4359.414115664705, 4364.0776254541315, 4385.377186188999, 4415.669206894376, 4442.162552099787, 4445.863844305405, 4449.565136511024, 4455.16426873689, 4461.846813572739, 4468.004464624522, 4470.659459078795, 4473.314453533068, 4474.793186129297, 4475.5633272447785, 4477.013901026392, 4483.560481158615, 4490.107061290839, 4495.198243172059, 4499.364889279077, 4504.474303106298, 4517.597242555256, 4530.720182004214, 4537.125476426323, 4539.033602629622, 4541.041806739503, 4544.029151448919, 4547.016496158334, 4553.666151432843, 4562.898205182739, 4571.6876063208565, 4575.400335317655, 4579.113064314453, 4589.7125075888625, 4605.424358842284, 4620.104613053736, 4620.571752464714, 4621.038891875693, 4626.386569712616, 4635.547168194809, 4644.78517820987, 4655.349740401787, 4665.914302593705, 4682.218254614936, 4703.239513345191, 4723.673636530849, 4730.914478655533, 4738.155320780216, 4744.719548236711, 4750.698851797808, 4756.59820974014, 4759.91932147727, 4763.240433214401, 4771.330361501051, 4783.755577559992, 4796.058310356134, 4801.501980435541, 4806.945650514948, 4824.946591667929, 4854.950806641236, 4884.812665376717, 4886.416810903686, 4888.020956430656, 4894.670960898109, 4906.392180381125, 4918.113399864141, 4927.2800796393885, 4936.427406841091, 4961.77770766824, 5004.249707429491, 5046.721707190742, 5059.804722855533, 5072.2864293828015, 5079.598540776575, 5081.166657577574, 5082.734774378574, 5107.133460451836, 5132.301051707843, 5149.089117183124, 5156.085888947228, 5163.082660711333, 5168.2180885998705, 5173.265578982475, 5179.103729745234, 5185.913641869077, 5192.72355399292, 5195.049459010051, 5197.101076358421, 5201.094676298931, 5207.599460625827, 5214.104244952724, 5215.431580189439, 5216.368164551424, 5238.680596717257, 5290.084419385365, 5341.488242053472, 5361.853125457974, 5379.419415978051, 5391.124297058487, 5394.430207295533, 5397.736117532579, 5434.727780354816, 5475.265311870229, 5506.160502632321, 5522.50121678562, 5538.841930938919, 5553.6829379067385, 5568.3428004673215, 5578.488553881098, 5581.452770015864, 5584.41698615063, 5585.085583716262, 5585.440250537396, 5620.92046320688, 5715.336155487687, 5809.751847768495, 5837.230276655259, 5854.455309704208, 5865.692542813136, 5866.326380194947, 5866.960217576758, 5894.194210437154, 5925.95256991854, 5949.471037788027, 5957.57675875756, 5965.682479727093, 5983.463626314882, 6003.058915206096, 6019.977530836615, 6031.60272546651, 6043.227920096405, 6048.927152808602, 6053.408967362481, 6063.781893636643, 6086.485053743955, 6109.1882138512665, 6113.671024549287, 6114.073818355044, 6117.5148469845335, 6127.693896392464, 6137.872945800394, 6140.098979219757, 6140.392504081151, 6143.941757626613, 6155.151549252236, 6166.361340877858, 6177.384337625309, 6188.358271161087, 6198.9240256314615, 6208.469332438322, 6218.014639245183, 6224.622595186072, 6230.399403615047, 6235.221505806845, 6237.503563881386, 6239.785621955927, 6274.498893270304, 6319.06870978502, 6352.035477146582, 6352.089749314098, 6352.144021481614, 6353.624607725757, 6355.569575297175, 6360.597808615437, 6374.969271469595, 6389.34073432375, 6404.53687035986, 6420.019970374822, 6438.152440586457, 6464.881271542609, 6491.610102498758, 6515.439872241148, 6538.193701739256, 6562.875228811329, 6594.271208107331, 6625.667187403328, 6668.527495759125, 6715.91741664554, 6754.863137560088, 6762.143108580139, 6769.42307960019, 6779.218804776521, 6790.070967641254, 6799.532638630676, 6803.36193746694, 6807.191236303204, 6813.155726647762, 6820.071769729712, 6825.732955226219, 6825.882941867739, 6826.032928509258, 6831.482469732206, 6839.43512160616, 6852.90841562278, 6892.784780756496, 6932.661145890212, 6946.942303373495, 6948.425857031565, 6949.732813390371, 6950.115393260848, 6950.497973131323, 6951.775526364128, 6953.526283903451, 6958.364281436556, 6980.993153510087, 7003.622025583619, 7013.919619040321, 7017.3290373321515, 7023.38999884546, 7046.39137538487, 7069.39275192428, 7084.053816145149, 7093.797086648311, 7108.244792882684, 7156.295611482832, 7204.346430082979, 7234.32087405438, 7253.052694781074, 7269.800622503423, 7270.542140758882, 7271.283659014341, 7279.159812234101, 7291.713443978177, 7303.198141060981, 7304.815748962817, 7306.433356864654, 7308.646500286833, 7311.270966970942, 7314.089722186866, 7318.994221935514, 7323.898721684161, 7331.745139484773, 7341.731134050452, 7352.845849619483, 7378.361488334728, 7403.877127049972, 7431.2091228348145, 7459.931515845503, 7487.070613906009, 7489.47072836993, 7491.8708428338505, 7519.48658179325, 7567.4117377671055, 7613.733327651974, 7627.983595757106, 7642.233863862238, 7651.661484904493, 7657.003252185145, 7662.257575188652, 7665.107180570645, 7667.956785952638, 7670.4584826967175, 7672.650194493274, 7675.564492900797, 7709.790877783489, 7744.0172626661815, 7761.793801839125, 7764.158592361675, 7766.574935974741, 7774.08214727625, 7781.58935857776, 7802.753526567154, 7837.370816069983, 7871.98810557281, 7904.585981046395, 7937.178782615384, 7963.667003993996, 7983.832624461142,