{"tiers": [{"name": "high", "threshold": 23617.79041566731}, {"name": "medium", "threshold": 9950.97014660787}, {"name": "low", "threshold": 0.0}], "tier_avg_ltv": {"high": 123852, "medium": 6635, "low": 160}, "score_percentiles": [447.13661529523046, 559.5337399417681, 671.9308645883058, 750.8654300873682, 829.6653374007263, 857.1170008237652, 884.15372894264, 885.2667663997803, 886.0643025506927, 886.8766750018817, 887.6892891850508, 891.5273236366301, 895.4272276233505, 895.9096929539699, 896.307950350558, 935.3183954276303, 975.4434191181599, 1032.0835212795967, 1089.2707067858255, 1095.5571691277025, 1099.9388227025142, 1118.9775343080082, 1138.6282316350337, 1141.3851373356397, 1143.3628744497025, 1159.4179921534303, 1176.18438803432, 1184.5957591015701, 1192.5478687625737, 1200.6947284471248, 1208.8531656277676, 1245.8935134914557, 1284.781318328473, 1296.9261766118618, 1307.23854176952, 1310.747500712674, 1313.7590062982085, 1326.9351454917155, 1340.9016233674843, 1367.389461309434, 1394.9094287145397, 1416.2458916665994, 1437.0434871281973, 1442.360327675426, 1446.2544292589716, 1466.6825940346396, 1488.709657228887, 1508.9594497240887, 1529.0287688149726, 1543.3833578406318, 1557.1297272584625, 1575.8436643491223, 1595.1107826951084, 1621.8114388727138, 1649.376846654892, 1657.2516664737066, 1662.7370666295512, 1667.5837416495306, 1672.3496748916125, 1684.542270678763, 1697.7116157348794, 1700.4074084925794, 1701.6717362436623, 1703.5622143965074, 1705.541528533127, 1709.091785151058, 1712.8731689386534, 1719.1218388359953, 1725.7465846761622, 1728.8647035666306, 1731.4295727295366, 1731.8121027287682, 1731.8385400905704, 1731.9915827841292, 1732.1659734493192, 1737.221260676702, 1743.1263981290315, 1748.7289288705124, 1754.2770905575621, 1793.7604994101534, 1839.5311987114676, 1847.6997399185402, 1848.6888714656145, 1872.4473047916513, 1900.6831547744623, 1907.7909609178985, 1910.6222473444493, 1936.5837706070515, 1967.3617596514948, 1975.3112518329685, 1978.3728906715196, 1980.616412253339, 1982.6799080329433, 1989.4761106473477, 1997.3421143153184, 2014.241865747023, 2033.2383388819153, 2037.0437298560569, 2037.230401506546, 2043.4248821155852, 2051.087605312998, 2055.850120020309, 2059.8857654318554, 2062.117879937086, 2063.886618743465, 2072.708974800123, 2083.388485778374, 2093.6684574330457, 2103.8406653006955, 2107.8069663914657, 2110.0591039735327, 2131.40225605284, 2158.1438955221115, 2185.3351655078764, 2212.6565611211536, 2234.864336269004, 2255.5579484738455, 2261.7470249640346, 2263.5430828043554, 2267.2123430004717, 2271.4617551073075, 2274.900323910755, 2278.082161325267, 2285.657891347075, 2294.6555176502884, 2299.810364198952, 2303.6945315754433, 2310.780764730595, 2318.9486608565535, 2321.24543997628, 2321.5166046032905, 2331.156413916601, 2344.0968297589616, 2349.0910997221886, 2351.227355363766, 2368.332570031853, 2390.9332381507675, 2404.535659804838, 2414.7668376043116, 2418.664048810273, 2420.1399653073577, 2432.7431668364743, 2449.6856995758535, 2486.671557972269, 2531.629831616019, 2563.6573567319174, 2590.4397331491978, 2610.3578495671404, 2627.4369236057546, 2640.7350611336215, 2652.438957625618, 2685.58114696258, 2727.9375022787513, 2748.8239816004457, 2760.3057890167806, 2776.8107343541005, 2795.557891980788, 2805.8235760518724, 2812.231796931488, 2816.9719689740728, 2820.9392620833705, 2823.523302752215, 2825.4544809122917, 2865.6526762402095, 2924.2462922838267, 2970.528498642983, 3010.7836268282545, 3039.9339554201115, 3063.5485580885265, 3083.578125577755, 3101.7880981724134, 3111.4110146752982, 3116.5968505228598, 3120.2257583827904, 3123.035731643722, 3137.0785813053967, 3157.1353401785477, 3171.529564954619, 3182.83832223507, 3197.9066634520027, 3215.0597583782605, 3228.2018051794603, 3239.0805646373647, 3248.178105563076, 3256.252991053899, 3262.297077061248, 3267.154918290948, 3281.755849173376, 3302.146603299918, 3316.4721650836655, 3327.131308345079, 3338.256683610108, 3349.6687387479105, 3376.6515438389893, 3413.3724075327705, 3433.9030664245124, 3444.1356934093847, 3462.578410477772, 3486.3319448939105, 3499.7997554237677, 3506.501541603181, 3512.5749339712715, 3518.2279960307856, 3522.1669806355735, 3524.940161718966, 3534.1063837987467, 3547.6935562624717, 3553.390978383921, 3553.541340537763, 3574.2931096672287, 3609.770283095419, 3625.783182057099, 3627.6524905759848, 3643.354728704587, 3669.275019367199, 3687.0726121814473, 3698.7710564358745, 3706.515299050996, 3711.241493771806, 3720.487170850138, 3733.2390655581476, 3745.2614465142683, 3756.708583651696, 3768.548474379263, 3780.7031351321425, 3792.3975350828405, 3803.717031689216, 3809.5824023026803, 3810.932635647286, 3831.665857253128, 3868.7065376175, 3900.1218328798304, 3926.7273193188553, 3946.927727575952, 3961.562674641262, 3976.3041664711395, 3991.13973933841, 4003.7675691798877, 4014.4143064202754, 4019.8250295735957, 4020.461149842924, 4025.9787330854397, 4036.0196797007916, 4044.484399403663, 4051.464889873771, 4055.282675869542, 4056.074187780066, 4074.5418373900493, 4110.196561601085, 4135.216298543645, 4149.728159619342, 4158.239654689086, 4160.726685897432, 4162.418041138069, 4163.297613610034, 4171.3859486514775, 4186.947857948624, 4203.992816341439, 4222.600163904999, 4236.802458901207, 4246.288971480911, 4254.172046461623, 4260.310796020837, 4278.590224383367, 4310.2909938702405, 4331.304693951591, 4340.3124947858905, 4352.485385474499, 4368.271640546138, 4378.2275667058, 4381.419301746806, 4387.922670646035, 4398.330586015657, 4404.011616727344, 4404.028715161683, 4410.303904088307, 4424.200056547758, 4441.903693790948, 4464.319733726118, 4480.214905316216, 4487.907355639661, 4509.841937178504, 4549.985636253015, 4583.050127680954, 4606.914911476018, 4646.254538735441, 4706.035354571057, 4740.418209504097, 4740.698638060926, 4755.3846634960755, 4789.733304575564, 4811.448394866484, 4815.633677843117, 4842.723121567646, 4902.121816202255, 4939.936968295802, 4946.798161818276, 4958.55876817418, 4977.463345952226, 4992.555498146696, 5001.995397485912, 5007.768448329623, 5008.013586868553, 5008.516559293807, 5009.414789757997, 5011.553138297014, 5015.624799116787, 5041.410058000502, 5101.622057856061, 5140.477768841348, 5144.89506636044, 5150.228251979741, 5157.063687922138, 5175.565579088162, 5213.532358113922, 5239.332555092289, 5244.48244524427, 5248.682519302165, 5251.242473765903, 5255.03724151469, 5261.001460228372, 5266.250597867326, 5270.221378277718, 5277.263492540939, 5289.893005112695, 5321.84070976314, 5389.554667176409, 5444.628053145253, 5475.88163396449, 5500.478631229357, 5512.30744483439, 5521.339036008491, 5524.9085952168725, 5543.04315803918, 5590.133296908326, 5625.449109474313, 5636.930831220555, 5663.722358471464, 5722.072748603157, 5779.6765662007665, 5835.713045186461, 5875.681207083408, 5881.2894456459435, 5885.994054998788, 5888.7302491305245, 5909.325753323795, 5969.557403718162, 6020.123338274651, 6048.830856622625, 6069.128438052987, 6070.04417811031, 6071.184917369488, 6072.8541782437605, 6097.245007190926, 6176.043944720787, 6238.930208698372, 6262.96760069314, 6289.029157005933, 6320.129891620934, 6344.1260318222085, 6350.083556419837, 6355.979685242674, 6361.716803425765, 6368.5054292518125, 6378.072491331513, 6390.449664175562, 6410.403728265706, 6430.719392406383, 6452.03013638536, 6477.34797036456, 6513.922362512329, 6543.547012093199, 6553.238291520943, 6572.17049507971, 6618.170602392324, 6655.637438994413, 6667.572729630603, 6676.642793006477, 6676.954112887399, 6679.024903175943, 6686.59222085359, 6708.916020645952, 6778.36135996429, 6832.2742950105085, 6835.474593886206, 6838.590461510512, 6841.424402173649, 6857.583435487383, 6919.260041926171, 6970.718672918868, 6986.460416766692, 7000.258616451906, 7007.10285078466, 7014.487043487922, 7023.849401436407, 7031.658649424031, 7033.640037177569, 7036.812829239967, 7044.566166023811, 7052.84315229081, 7063.183628600343, 