{"tiers": [{"name": "high", "threshold": 23025.492150795584}, {"name": "medium", "threshold": 9987.668488601597}, {"name": "low", "threshold": 0.0}], "tier_avg_ltv": {"high": 110019, "medium": 9338, "low": 248}, "score_percentiles": [1219.946132293027, 1551.7262947614859, 1765.659099460794, 1771.8921317875593, 2030.6344702133424, 2036.856358106316, 2074.712784013548, 2154.912257428004, 2202.306961631747, 2361.7074459104388, 2387.820673385298, 2463.1615544675683, 2476.8090102331435, 2480.6303821830716, 2537.7277268932253, 2558.620782996591, 2609.0534268169304, 2748.9122621433116, 2782.7336017159696, 2836.2343820602227, 2854.350168974351, 2861.577262417569, 2872.9363868464998, 2895.4809623629017, 2952.816164829981, 2976.683129892256, 3000.4382972469293, 3012.378998956809, 3030.883907798818, 3043.8244319129335, 3126.2172295218156, 3136.240430531634, 3184.62674923016, 3196.319869289275, 3222.996365624777, 3228.1942953524986, 3248.2254111659686, 3250.587383308783, 3289.033638572712, 3290.8451390945243, 3294.719805369, 3306.6754572379764, 3350.892627232053, 3375.2874161748496, 3395.121044898933, 3421.0059231741857, 3447.9670446440987, 3482.436565473218, 3534.7329845595186, 3557.3363728948616, 3574.819466475174, 3582.5396740714255, 3592.0818833737444, 3657.867917406808, 3668.75186414392, 3688.3334056458234, 3701.5432538380896, 3711.626809300182, 3712.3063499721948, 3740.7909729608486, 3747.481604658961, 3748.123796248791, 3757.170960923409, 3783.6259517398635, 3801.794522312753, 3838.160360042653, 3852.615468570981, 3855.9038897355567, 3868.3172323317485, 3883.9111309317864, 3907.3370369821637, 3926.2244115626845, 3940.003632647235, 3956.619437338667, 3980.171694210513, 3999.180361152735, 4024.915054577144, 4045.8303685500114, 4048.593316787101, 4070.4835695818915, 4100.510062008278, 4105.115895713052, 4117.408089530612, 4120.5483396536165, 4132.341315458137, 4142.084533839789, 4156.761410750907, 4182.731644544866, 4191.018264231673, 4201.062509807781, 4228.213944255626, 4234.421713163761, 4261.972305012656, 4268.203250549128, 4268.596330536158, 4270.602321849094, 4279.165153873029, 4283.585786281658, 4297.53543270127, 4299.677173241137, 4305.395518713669, 4322.390104278744, 4327.623739415082, 4334.74565948191, 4374.653252795044, 4384.698236672096, 4401.93697251239, 4405.364763814592, 4406.745523004232, 4407.967963389533, 4413.41833892328, 4430.404720645688, 4441.009492609602, 4454.175535086221, 4463.958430571854, 4467.132154747279, 4480.104783954064, 4481.814331962217, 4504.817544034126, 4510.584771585011, 4512.643292262736, 4512.917620041228, 4515.3971762365, 4525.378253218285, 4541.041201270048, 4546.7707019217405, 4548.452825731366, 4570.885628681717, 4575.310144044561, 4577.464347161402, 4587.221615905279, 4631.84148041864, 4652.226722390145, 4657.690463765739, 4669.531534971145, 4676.180399954855, 4685.048776254634, 4688.556699367308, 4695.946029423872, 4735.619206306923, 4744.654954602479, 4766.749810395631, 4780.174408690541, 4796.365436536177, 4816.263114129771, 4846.23222120382, 4873.294409166731, 4891.5068941908985, 4900.151164898831, 4905.879114795978, 4913.2701950939045, 4924.477282363057, 4944.371106726562, 4958.195634624668, 5006.854645084135, 5020.3574874198475, 5027.022179891083, 5044.962712945964, 5053.73434227398, 5065.524227434053, 5078.593268261171, 5083.404422778929, 5095.113140700742, 5101.658751009845, 5103.913896581001, 5110.029053605682, 5112.744854042687, 5127.349204739555, 5145.525029939449, 5164.262088881052, 5180.995068186087, 5194.173309120153, 5200.517588692837, 5202.977263627101, 5208.492130304259, 5212.911481591619, 5216.867548387086, 5219.794135898647, 5221.383589268717, 5234.327598694475, 5255.654503989124, 5270.142923751489, 5275.76584597938, 5282.492568853463, 5286.660439663769, 5298.505922607991, 5313.920076671678, 5330.797046415821, 5335.875564016919, 5354.95395119324, 5367.205399245246, 5410.753618102516, 5422.6621534037395, 5423.865372261853, 5424.367116443551, 5427.260833587845, 5439.177720080019, 5452.191784537884, 5455.591099980537, 5457.459850915751, 5467.138752912143, 5476.694436108427, 5509.70065947365, 5517.9829585635025, 5519.307657763601, 5521.057089178431, 5540.9329150950125, 5550.32380608261, 5555.328760382795, 5558.498333043431, 5560.344042553562, 5576.765116599381, 5586.073884994238, 5596.632033145653, 5600.6409637758525, 5605.953223361097, 5619.057965970815, 5629.716820272349, 5644.661334967827, 5649.757028704039, 5655.287220707805, 5683.704192535191, 5702.175603018622, 5709.013530977628, 5752.182420303597, 5775.4194781062315, 5780.880444604605, 5783.664107130129, 5793.492584226693, 5823.3853557595685, 5853.465817971015, 5869.2104696651995, 5886.763560806987, 5913.171388194351, 5924.16749840159, 5939.960997164465, 5950.099427176915, 5978.434499703254, 5988.755113850183, 5991.096156519212, 5992.949844018452, 5994.462927900596, 6000.187396544985, 6003.023174717257, 6022.884703730578, 6036.141148338022, 6039.788839021033, 6041.201859004794, 6044.1794072294915, 6050.443363548156, 6062.463707005114, 6066.513784964031, 6076.454107884082, 6091.660794265444, 6102.322370618946, 6148.938854697401, 6169.712886846959, 6173.294436061513, 6181.812419319313, 6200.057186741229, 6215.371432667943, 6224.010168932291, 6229.164101387683, 6235.7752173033605, 6256.982796894167, 6275.832486249636, 6284.823289381528, 6303.447546068795, 6319.151592412423, 6324.887639154882, 6362.983118714511, 6411.570451896039, 6466.862457565581, 6498.41983285186, 6509.096337053525, 6512.878510353211, 6531.2249459402365, 6538.558991932784, 6545.6524925597505, 6577.7529879556605, 6593.750641820499, 6653.015396436516, 6691.93406358082, 6712.375960514276, 6721.022495912676, 6729.229574414369, 6732.1683381911, 6740.383499793337, 6755.40570087736, 6771.942043477066, 6778.350520015835, 6791.362722381212, 6796.525718765746, 6806.6236459210395, 6813.919835791921, 6831.948771634352, 6839.469315771686, 6839.69894349215, 6849.50131655115, 6867.16075319426, 6886.988985941934, 6901.784875713889, 6915.242763671189, 6945.177990618282, 6962.3200552374665, 6971.389091580751, 6975.549747456771, 6977.013774967225, 6979.832487501327, 6986.529570497969, 6990.219893205435, 7003.620693808768, 7022.417038972297, 7035.82315424951, 7059.8357619865055, 7080.293605564566, 7090.727138211007, 7109.628143538194, 7123.181702893246, 7140.1328289319745, 7152.993365387256, 7157.700713601164, 7159.337507198263, 7168.864175713806, 7174.688069505206, 7186.590977112195, 7192.330868230958, 7213.906696629152, 7225.191031769268, 7227.607428942479, 7235.024456358139, 7240.575862853358, 7265.274946222542, 7279.9388056905445, 7282.078744874931, 7285.878644551679, 7299.927890393654, 7316.833303454866, 7327.189938316737, 7334.104404482556, 7343.2233774220285, 7351.6957312467, 7357.644311151576, 7360.134325361059, 7360.985484906564, 7371.921431648666, 7388.3615892047155, 7398.219364613211, 7437.113812121253, 7466.535830432364, 7477.9201400756565, 7500.808664785445, 7518.015065958102, 7525.709001718992, 7533.450118949384, 7539.134183581068, 7559.638335937133, 7575.504266615998, 7585.119780206177, 7590.751902512314, 7595.670403467582, 7640.935390372286, 7672.990394648152, 7678.95164635316, 7737.688319431292, 7779.670245421862, 7791.231254266937, 7797.930035528427, 7799.924630889762, 7833.196409042428, 7863.474585602369, 7893.789465889292, 7919.347651432788, 7928.6474636001085, 7935.19484762014, 7938.812550116911, 7953.632958849664, 7973.373297525431, 7980.338608583283, 7986.809003525408, 7995.309951718924, 8018.827815622605, 8044.634148166943, 8060.111256997417, 8068.1010296206905, 8073.9093005789955, 8076.316067710501, 8093.609409422077, 8122.978676738182, 8162.240271634448, 8198.524930926236, 8215.845812777547, 8229.800383926762, 8238.471228205568, 8243.70940197804, 8256.533222060805, 8282.087389699816, 8298.673599075659, 8314.252394975061, 8324.972621211806, 8330.761484089366, 8346.070888368566, 8356.389014265651, 8360.28858157188, 8364.369235869457, 8377.984858807142, 8387.983060833045,